<?xml version="1.0" encoding="utf-8" ?>
<recipes>
  <recipe id="unsmelt_iron" creates="iron" count="2" type="smelter">
    <item id="iron_bar"/>
  </recipe>
          <recipe id="make_ultra_backpack" creates="ultra_backpack" type="workshop">
            <item id="cloth" count="5" />
            <item id="cotton" count="2" />
        </recipe>
			<recipe id="unsmelt_steel" creates="iron_bar" count="2" type="smelter">
		<item id="steel_bar" count="1" />
		</recipe>
				<recipe id="make_titan" creates="titanium" type="smelter">
		<item id="steel_bar" count="3" />
		</recipe>
						<recipe id="unsmelt_gold" creates="gold" count="4" type="smelter">
		<item id="gold_bar" count="1" />
		</recipe>
</recipes>