<tilesheet id='jeep.png' width='32' height='20' offsetX="-26" offsetY="-44">
	<image frame='0' x='0' y='0' width='42' height='20' offsetX='21' offsetY='44' />
	<image frame='1' x='42' y='0' width='43' height='20' offsetX='21' offsetY='44' />
	<image frame='2' x='0' y='20' width='43' height='20' offsetX='21' offsetY='44' />
	<image frame='3' x='0' y='40' width='42' height='20' offsetX='21' offsetY='44' />
	<image frame='4' x='0' y='60' width='42' height='20' offsetX='21' offsetY='44' />
	<image frame='5' x='43' y='20' width='42' height='20' offsetX='21' offsetY='44' />
	<image frame='6' x='43' y='40' width='42' height='20' offsetX='21' offsetY='44' />
	<image frame='7' x='43' y='60' width='10' height='6' offsetX='20' offsetY='50' />
	<image frame='8' x='53' y='60' width='14' height='6' offsetX='16' offsetY='50' />
	<image frame='10' x='67' y='60' width='22' height='6' offsetX='8' offsetY='50' />
	<image frame='12' x='67' y='66' width='17' height='6' offsetX='13' offsetY='50' />
	<image frame='9' equals='7' offsetX='20' offsetY='50' />
	<image frame='11' equals='7' offsetX='20' offsetY='50' />
	<image frame='13' equals='7' offsetX='20' offsetY='50' />
</tilesheet>
