﻿<?xml version="1.0" encoding="utf-8" ?>
<mod>
    <name>Dobroposter Mod</name>
    <description>Adds a recipe for un-smelting iron and un-smelting steel bars. And add Dobroposter Items.Also this mod adds an ultra backpack recipe. It is my first mod!
    </description><author>Dobroposter</author>
    <version>0.9.0</version>
    <init>
      <include id="structures/crafting.xml" />
	  
      	<item id="dobroposter_bag" extends="backpack" defense="125" cost="50000" capacity="9000000" viewHidden="true" element="resist" color="ff0000" max_depth="1000">
		<identify tile="cyborg.identify" acquire="dobroposter_bag.acquire" animation="dobroposter_bag.identify" color="ff4c5b"/>
<flight height="999" cost="0" speed="8" maxWeight="10000000"/>
	<equipCost stamina="-80" health="-80" cost="-80" storage="power"/><light tile="light.default" color="bafa66"/>
        </item>
        <recipe id="make_dobroposter_bag" creates="dobroposter_bag" type="workshop">
            <item id="ultra_backpack" count="1" />
            <item id="plant_gem" count="1" />
            <item id="fire_gem" count="1" />
            <item id="water_gem" count="1" />
            <item id="ice_gem" count="1" />
            <item id="earth_gem" count="1" />
        </recipe>
		<item id="dobroposter_armor" extends="titanium_armor" color="ff0000" defense="75" stamina="0" durability="" repair="" knockback="20" critical="true" oxygen="10000" cost="50000">		
		<flight height="999" cost="0" speed="8" maxWeight="10000000"/>
        </item>

		    <recipe id="make_dobroposter_armor" creates="dobroposter_armor" type="workshop">
            <item id="titanium_armor" count="1" />
            <item id="plant_gem" count="1" />
            <item id="fire_gem" count="1" />
            <item id="water_gem" count="1" />
            <item id="ice_gem" count="1" />
            <item id="earth_gem" count="1" />
        </recipe>

	<item id="dobpick" extends="steel_pickaxe" cost="50000" durability="" weight="5" mine="20" breakPower="10" stamina="1" type="equipment" slot="pickaxe" action="equip" color="ff0000"/>
	  <recipe id="make_dobpick" creates="dobpick" type="workshop">
	  <item id="steel_pickaxe" count="1" />
            <item id="plant_gem" count="1" />
            <item id="fire_gem" count="1" />
            <item id="water_gem" count="1" />
            <item id="ice_gem" count="1" />
            <item id="earth_gem" count="1" />
  </recipe>
  
     <item id="dobroposter_helmet" extends="space_helm" color="ff0000" type="equipment" slot="head" icon="space_helm.ico" cost="50000" weight="1" defense="10" hair="false" action="equip">
        <light tile="light.headlamp" color="98ffff" offsetX="-61" />
        <handleSecond>
            <action>
                player.restoreOxygen();
            </action>
        </handleSecond>
		    </item>
			
		<recipe id="make_dobroposter_helmet" creates="dobroposter_helmet" type="workshop">
	        <item id="space_helm" count="1" />
            <item id="plant_gem" count="1" />
            <item id="fire_gem" count="1" />
            <item id="water_gem" count="1" />
            <item id="ice_gem" count="1" />
            <item id="earth_gem" count="1" />
        </recipe>
  <item id="dobroposter_sword" extends="steel_sword" color="ff0000" type="equipment" slot="weapon" cost="50000" weight="3" cut="20" attack="20" spirit="6" melee_range="2" knockback="5" stamina="1" icon="steel_sword.ico" action="equip" breakable="false" underwater="true" durability="">
  </item>	
  		<recipe id="make_dobroposter_sword" creates="dobroposter_sword" type="workshop">
	        <item id="steel_sword" count="1" />
            <item id="plant_gem" count="1" />
            <item id="fire_gem" count="1" />
            <item id="water_gem" count="1" />
            <item id="ice_gem" count="1" />
            <item id="earth_gem" count="1" />
			</recipe>
			  <item id="dob_shield" extends="ice_shield" color="ff0000" type="equipment" slot="shield" use="block" cost="50000" weight="6" defense="30" durability="" icon="ice_shield.ico" animation="ice_shield" action="equip" movement_walk="walk_lswing" repair="" />
			    		<recipe id="make_dob_shield" creates="dob_shield" type="workshop">
	        <item id="ice_shield" count="1" />
            <item id="steel_bar" count="5" />
			</recipe>
			
	<include id="jeep.xml" includeRoot="true" />
	<tile id="jeep_dob" sheet="jeep.png" x="0" y="0" />
	<animation id="jeep_dob.empty" x="6" count="1" />
	<animation id="jeep_dob.idle" equals="jeep.empty" />
	<animation id="jeep_dob.move" count="6" />
	<tile id="jeep_gun_dob" sheet="jeep.png" x="7" />
	<animation id="equipment.jeep_gun_dob.idle" x="0" count="1" />
	<animation id="equipment.jeep_gun_dob" x="1" count="6" />
			<vehicle id="jeep_dob" color="ff0000" attack="20" tile="jeep_dob" health="10000" defense="100" speed="5" fuel="10000" max_weight="9000000" attack_move="true" death_sfx="explosion" bgm="voyage" item="dob_jeep">
		<repair id="steel_bar" value="1000" />
		<slot id="attack" /><light tile="light.headlamp" offsetX="-61" />
		<listItem title="vehicle.pack_up">
			<closeWindows /><action>this.dismount();</action>
			<invokeLater><section if="player.vehicle == null">
				<action>player.inventory.addAll(this.inventory);</action><remove object="this" />
				<item id="dob_jeep" value="this.health"><parameter id="p" value="this.equipment.getItemId('attack')" /><parameter id="f" value="Std.string(this.fuel)" /></item>
			</section></invokeLater>
		</listItem>
	</vehicle>
<item id="dob_jeep" color="ff0000" name="vehicle.jeep_dob" type="object" cost="1000" weight="1" icon="jeep.ico" durability="10000" durabilityName="common.health" durabilityIcon="vehicle_health">
		<action id="plant" name="vehicle.deploy" object="jeep_dob" onGrass="false" overlapBlueprints="true" overlapStructures="true" removeBushes="false" underground="true">
			<action>
				object.setHealth(this.getFeed()); p = Item.getParameter(this.getNameStr(), "p");
				f = Item.getParameter(this.getNameStr(), "f"); if(f != null) object.setFuel(Std.parseInt(f));
			</action>
			<equip eval="p" to="object" fromInventory="false" if="p != null" />
		</action>
		<action id="feed" alt="feed_all" alt_name="repair_all" name="repair" full="warning.max_repair" auto="common.auto_repair" select="actions.repair" sfx="workshop" />
		<food id="steel_bar" value="1000" />
	</item>
	<recipe id="craft_dob_jeep" extends="jeep" creates="dob_jeep" count="1" type="factory">
    <item id="steel_bar" count="10" />
	    <item id="titanium" count="3" />
		            <item id="fire_gem" count="1" />
</recipe>
<item id="jeep_gun_dob" color="ff0000" type="equipment" slot="attack" equipOn="jeep_dob" cost="5000" weight="2" range="20" icon="jeep_gun.ico" delay="-1" speed="5" sfx="machine_gun" repeat="10" projectile="dob_bullet" group="revolver" offsetY="-3">
    <action id="setProjectile" />
		</item>
		<recipe id="make_jeep_gun_dob" creates="jeep_gun_dob" count="1" type="workshop">
<item id="steel_bar" count="5"/>
<item id="titanium" count="2"/>
            <item id="fire_gem" count="1" />
</recipe>
	<item id="dob_bullet" extends="bullet" color="ff0000" attack="20" cost="300"></item>
	<recipe id="craft_dob_bullet" creates="dob_bullet" count="1" type="factory">
    <item id="steel_bar" count="1" />
    <item id="sulfur" count="1" />
    <item id="quartz" count="1" />
</recipe>
		<lang id="en_US">
		                <text id="dob_jeep">Dobroposter  Jeep</text>
            <section id="item.names">
                <text id="dobroposter_bag">Dobroposter Bag</text>
				<text id="dobroposter_armor">Dobroposter Armor</text>
				<text id="dobpick">Dobroposter Pickaxe</text>
				<text id="dobroposter_helmet">Dobroposter Helmet</text>
				<text id="dobroposter_sword">Dobroposter Sword</text>
				<text id="dob_shield">Dobroposter Shield</text>
								<text id="jeep_gun_dob">Dobroposter Jeep Gun</text>
								<text id="dob_bullet">Dobroposter Bullet</text>
            </section>
            <section id="item.descriptions">
                <text id="dobroposter_bag">The bag from Dobroposter is a very cool bag. With it, you can become invulnerable.Don't forget craft other Dobroposter Items. Made with the help of magic and technology by Dobroposter</text>
                <text id="dobroposter_armor">The Armor from Dobroposter is a very cool armor. With it, you can become get oxygen 10000 and you defense +75.Made with the help of magic and technology by Dobroposter</text>	
                <text id="dobpick">The Pickaxe from Dobroposter is a very cool pickaxe. With it, you can become mining =20.Made with the help of magic and technology by Dobroposter</text>		
				<text id="dobroposter_helmet">The helmet from Dobroposter is a very cool helmet. With it, you can become restore oxygen every second. Made with the help of magic and technology by Dobroposter</text>
				<text id="dobroposter_sword">The axe from Dobroposter is a very cool axe. With it, you can become cut Wood easy. Made with the help of magic and technology by Dobroposter</text>
				<text id="dob_shield">The shield from Dobroposter is a very cool shield. It s protects you and blocks attacks. Made with the help of magic and technology by Dobroposter</text>
				<text id="jeep_gun_dob">The most powerful gun for Dobroposter Jeep</text>
					<text id="dob_bullet">Dobroposter Bullet is the super bullet</text>
            </section>
			            <section id="vehicle">
			<text id="jeep_dob">Dobroposter Jeep</text>
            </section>

        </lang>
        <lang id="ru_RU">
            <section id="item.names">
                <text id="dobroposter_bag">Рюкзак Добропостера</text>
				<text id="dobroposter_armor">Броня Добропостера</text>
				<text id="dobpick">Кирка Добропостера</text>
				<text id="dobroposter_helmet">Шлем Добропостера</text>
				<text id="dobroposter_sword">Меч Добропостера</text>
				<text id="dob_shield">Щит Добропостера</text>
					<text id="dob_bullet">Патрон Добропостера</text>
												<text id="jeep_gun_dob">Пущка ДжипА Добропостера</text>
																                <text id="dob_jeep">Джип Добропостера</text>
            </section>
            <section id="item.descriptions">
                <text id="dobroposter_bag">Рюкзак от Добропостера - очень классный рюкзак. С его помощью вы можете стать неуязвимым.Не забудьте изготовить другие предметы Добропостера. Сделано с помощью магии и технологий компанией Добропостера</text>
                <text id="dobroposter_armor">Броня от Добропостера - очень крутая броня. С eё помощью вы получаете кислород 10000, а ваша защита +75.Сделано с помощью магии и технологий компанией Добропостера</text>	
                <text id="dobpick">Кирка от Добропостера - очень классная кирка. С eё помощью вы можете получить майнинг =20.Сделано с помощью магии и технологий компанией Добропостера</text>
                <text id="dobroposter_helmet">Шлем от Добропостера - очень классный шлем. С его помощью вы сможете восстана́вливать кислород каждую секунду. Сделано с помощью магии и технологий компанией Добропостера</text>	
                <text id="dobroposter_sword">Меч от Добропостера - очень классный меч. С его помощью вы сможете легко добывать древесину и сражаться. Сделано с помощью магии и технологий компанией Добропостера</text>
												<text id="jeep_gun_dob">очень мощная пушка для Джипа Добропостера</text>
															<text id="dob_bullet">Патрон Добропостера это очень мощный патрон</text>
				<text id="dob_shield">Щит от Добропостера - очень классный щит. Он защищает вас и блокирует атаки. Сделано с помощью магии и технологий компанией Добропостера</text>
            </section>
            <section id="vehicle">
					                <text id="jeep_dob">Джип Добропостера</text>
            </section>
        </lang>       
    </init>
</mod>